{
  "ecode": "0",
  "emsg": "",
  "data": {
    "head": {
      "ads": [
        "https://timgsa.baidu.com/timg?image&quality=80&size=b9999_10000&sec=1560349133636&di=f054a7641c643320d2d68bdb1065b4ed&imgtype=0&src=http%3A%2F%2Fs8.sinaimg.cn%2Forignal%2F492608b789ce32048b187",
        "https://timgsa.baidu.com/timg?image&quality=80&size=b9999_10000&sec=1560349193116&di=e07a9164ee0e6d0f3838dd4d995365f6&imgtype=0&src=http%3A%2F%2Fi2.hdslb.com%2Fbfs%2Farchive%2F88fffe339f4230c6abc8a76d214485aec365453e.jpg",
        "https://timgsa.baidu.com/timg?image&quality=80&size=b9999_10000&sec=1560349219906&di=72f34a5e920b57eae6cc0aef0db194ff&imgtype=0&src=http%3A%2F%2Fent.gywb.cn%2Fimage%2Fattachement%2Fjpg%2Fsite2%2F20160624%2F3643966333179480988.jpg",
        "https://timgsa.baidu.com/timg?image&quality=80&size=b9999_10000&sec=1560349246364&di=4957ce583b7b2eb21e77ac2f11a2cdb1&imgtype=0&src=http%3A%2F%2Fupload.ct.youth.cn%2F2015%2F0518%2F1431951304138.jpg",
        "https://timgsa.baidu.com/timg?image&quality=80&size=b9999_10000&sec=1560349246364&di=8dc06448cff5d0242f3a41403ae2066c&imgtype=0&src=http%3A%2F%2Fd.hiphotos.baidu.com%2Fzhidao%2Fpic%2Fitem%2F63d0f703918fa0eca35dd376249759ee3d6ddb37.jpg"
      ],
      "middle": [
        {
          "info": "曾经的美好，如今只能听歌去怀念",
          "imageUrl": "https://timgsa.baidu.com/timg?image&quality=80&size=b9999_10000&sec=1560349430007&di=ba2110009a5e3381ba9f6ef371f6a1f0&imgtype=0&src=http%3A%2F%2Fhbimg.b0.upaiyun.com%2F11d3c7c56ab742919b8fb699ef529ab62051ffd41ca1c-DLjkvL_fw236"
        },
        {
          "info": "国内90后音乐人的玩乐世界",
          "imageUrl": "https://timgsa.baidu.com/timg?image&quality=80&size=b9999_10000&sec=1560349430006&di=a81b6093589747730e17c18c7d63bfa5&imgtype=0&src=http%3A%2F%2Fn.sinaimg.cn%2Fsinacn%2Fw640h638%2F20180117%2F05b2-fyqtwzt9450151.jpg"
        },
        {
          "info": "隔壁老樊|多想在平庸的生活拥抱你",
          "imageUrl": "https://timgsa.baidu.com/timg?image&quality=80&size=b9999_10000&sec=1560349551256&di=02beca4b2674bf37119715e68ca0d0bb&imgtype=0&src=http%3A%2F%2Fs14.sinaimg.cn%2Fmw690%2F3ee65d9dn7b597650178d%26690"
        },
        {
          "info": "本仙女化妆/面膜/护肤/洗澡...",
          "imageUrl": "https://timgsa.baidu.com/timg?image&quality=80&size=b9999_10000&sec=1560944237&di=7f636a89da47cbc10de2193827a22342&imgtype=jpg&er=1&src=http%3A%2F%2Fwww.qqoi.cn%2Fimg_star%2F153507945.jpeg"
        },
        {
          "info": "需要一些活跃的歌曲治下心",
          "imageUrl": "https://timgsa.baidu.com/timg?image&quality=80&size=b9999_10000&sec=1560944270&di=43d3e84f7493a4cca503fa54689ec537&imgtype=jpg&er=1&src=http%3A%2F%2Fimg.idol001.com%2Forigin%2F2015%2F01%2F21%2F204786bef4288eb2c0ef69fdc60e539b1421822001.jpg"
        },
        {
          "info": "放下一个人需要多久？",
          "imageUrl": "https://timgsa.baidu.com/timg?image&quality=80&size=b9999_10000&sec=1560349551256&di=7b8461b4146b628a20dfda6a965fbbe6&imgtype=0&src=http%3A%2F%2Fp2.qhimgs4.com%2Ft01c5e466791c460a83.jpg"
        }

      ],
      "footer": [
        {
          "info": "MAP OF THE SOUL",
          "imageUrl": "https://timgsa.baidu.com/timg?image&quality=80&size=b9999_10000&sec=1560944951&di=5b3ec3484e82f425b15c1ef3d34fcb51&imgtype=jpg&er=1&src=http%3A%2F%2Fimg8.cache.hxsd.com%2Fnews%2F2011%2F03%2F15%2F15144T911S.jpg"
        },
        {
          "info": "投已所好",
          "imageUrl": "https://timgsa.baidu.com/timg?image&quality=80&size=b9999_10000&sec=1560350546952&di=3efc159dbe156eb9ffcc06d60dc1f896&imgtype=0&src=http%3A%2F%2Fattach.bbs.miui.com%2Fforum%2F201306%2F28%2F220724xr4ae9g1rge47eg1.png"
        },
        {
          "info": "短发女生",
          "imageUrl": "https://ss0.bdstatic.com/70cFvHSh_Q1YnxGkpoWK1HF6hhy/it/u=3473674184,2018677604&fm=26&gp=0.jpg"
        }
      ]
    },
    "list": [
      {
        "type": 2,
        "avatr": "https://timgsa.baidu.com/timg?image&quality=80&size=b9999_10000&sec=1560416354559&di=1f4c49b2a7049e24e00272028d79db72&imgtype=0&src=http%3A%2F%2Fb-ssl.duitang.com%2Fuploads%2Fitem%2F201410%2F20%2F20141020224133_Ur54c.jpeg",
        "title": "小叶子的叶团儿",
        "text": "男生们的失恋症候群",
        "zan": "5000",
        "msg": "369",
        "play": "209万",
        "time": "08:49",
        "logo": "http://fairee.vicp.net:83/2016rm/0116/baishi160116.mp4"

      },
      {
        "type": 1,
        "avatr": "https://timgsa.baidu.com/timg?image&quality=80&size=b9999_10000&sec=1560416354558&di=0dcff99b3271baaa5a6750d8903facf3&imgtype=0&src=http%3A%2F%2Fb-ssl.duitang.com%2Fuploads%2Fitem%2F201408%2F08%2F20140808171354_XkhfE.jpeg",
        "title": "喜欢一个人的感觉",
        "text": "和喜欢的人坐在一个车里是什么心情，这个...",
        "zan": "1075",
        "msg": "56",
        "play": "29万",
        "time": "01:19",
        "logo": "https://timgsa.baidu.com/timg?image&quality=80&size=b9999_10000&sec=1560414202917&di=5f7eddf81f9f9a456944124150964bbc&imgtype=0&src=http%3A%2F%2Fy1.ifengimg.com%2F00cd7cb92522610e%2F2012%2F1204%2Fori_50bd524669f73.jpeg"

      },
      {
        "type": 1,
        "avatr": "https://ss1.bdstatic.com/70cFvXSh_Q1YnxGkpoWK1HF6hhy/it/u=4153431487,3649665022&fm=26&gp=0.jpg",
        "text": "永远快乐，永远自由...",
        "zan": "1075",
        "msg": "56",
        "play": "29万",
        "time": "01:19",
        "logo": "https://timgsa.baidu.com/timg?image&quality=80&size=b9999_10000&sec=1560414202915&di=0fd09fc8e2dfc0a8a3dc4efbd54618e1&imgtype=0&src=http%3A%2F%2Fb-ssl.duitang.com%2Fuploads%2Fblog%2F201404%2F18%2F20140418004014_ZAwW4.jpeg"

      },
      {
        "type": 1,
        "avatr": "http://img3.duitang.com/uploads/item/201407/01/20140701222607_AnKfj.thumb.224_0.jpeg",
        "title": "今日最热",
        "text": "维秘2018谢幕主题the struts乐队演绎...",
        "zan": "1075",
        "msg": "780",
        "play": "103万",
        "time": "04:39",
        "logo": "https://timgsa.baidu.com/timg?image&quality=80&size=b9999_10000&sec=1560414293165&di=95bb06fcb49c550bb38f5e85a4cdffe3&imgtype=0&src=http%3A%2F%2Fwww.mxpcp.com%2Fuploads%2Fallimg%2F140415%2F1060-140415114445107.JPG"
      }
    ]
  }
}