{
  "ecode": "0",
  "emsg": "",
  "data": {
    "list": [
      {
        "type": 1,
        "avatr": "https://timgsa.baidu.com/timg?image&quality=80&size=b9999_10000&sec=1560416354559&di=1f4c49b2a7049e24e00272028d79db72&imgtype=0&src=http%3A%2F%2Fb-ssl.duitang.com%2Fuploads%2Fitem%2F201410%2F20%2F20141020224133_Ur54c.jpeg",
        "title": "男生们初恋后会有哪些反应",
        "text": "男生们的失恋症候群",
        "zan": "5000",
        "msg": "369",
        "play": "209万",
        "time": "08:49",
        "logo": "https://timgsa.baidu.com/timg?image&quality=80&size=b9999_10000&sec=1560414202917&di=325a2d1d949eca0b9dc407866ba00511&imgtype=0&src=http%3A%2F%2Fimg.zcool.cn%2Fcommunity%2F01cb0359b892a3a801212fb71957ea.jpg%401280w_1l_2o_100sh.jpg"

      },
      {
        "type": 1,
        "avatr": "https://timgsa.baidu.com/timg?image&quality=80&size=b9999_10000&sec=1560416354558&di=0dcff99b3271baaa5a6750d8903facf3&imgtype=0&src=http%3A%2F%2Fb-ssl.duitang.com%2Fuploads%2Fitem%2F201408%2F08%2F20140808171354_XkhfE.jpeg",
        "title": "喜欢一个人的感觉",
        "text": "和喜欢的人坐在一个车里是什么心情，这个...",
        "zan": "1075",
        "msg": "56",
        "play": "29万",
        "time": "01:19",
        "logo": "https://timgsa.baidu.com/timg?image&quality=80&size=b9999_10000&sec=1560414202917&di=5f7eddf81f9f9a456944124150964bbc&imgtype=0&src=http%3A%2F%2Fy1.ifengimg.com%2F00cd7cb92522610e%2F2012%2F1204%2Fori_50bd524669f73.jpeg"

      },
      {
        "type": 1,
        "avatr": "https://ss1.bdstatic.com/70cFvXSh_Q1YnxGkpoWK1HF6hhy/it/u=4153431487,3649665022&fm=26&gp=0.jpg",
        "text": "永远快乐，永远自由...",
        "zan": "1075",
        "msg": "56",
        "play": "29万",
        "time": "01:19",
        "logo": "https://timgsa.baidu.com/timg?image&quality=80&size=b9999_10000&sec=1560414202915&di=0fd09fc8e2dfc0a8a3dc4efbd54618e1&imgtype=0&src=http%3A%2F%2Fb-ssl.duitang.com%2Fuploads%2Fblog%2F201404%2F18%2F20140418004014_ZAwW4.jpeg"

      },
      {
        "type": 1,
        "avatr": "http://img3.duitang.com/uploads/item/201407/01/20140701222607_AnKfj.thumb.224_0.jpeg",
        "title": "今日最热",
        "text": "维秘2018谢幕主题the struts乐队演绎...",
        "zan": "1075",
        "msg": "780",
        "play": "103万",
        "time": "04:39",
        "logo": "https://timgsa.baidu.com/timg?image&quality=80&size=b9999_10000&sec=1560414293165&di=95bb06fcb49c550bb38f5e85a4cdffe3&imgtype=0&src=http%3A%2F%2Fwww.mxpcp.com%2Fuploads%2Fallimg%2F140415%2F1060-140415114445107.JPG"
      }
    ]
  }
}